t,state,idle,e0_temp,e0_target,e0_power,e1_temp,e1_target,e2_temp,e2_target,bed_temp
0.3,calibration,Printing,221.82,220,0.554,120.52,120,200.89,0,27.11
2.0,calibration,Printing,220.66,220,0.640,120.09,120,200.89,0,27.11
3.3,calibration,Printing,220.21,170,0.000,120.22,120,200.89,0,27.09
4.5,calibration,Printing,219.88,170,0.000,119.96,120,200.89,0,27.09
5.8,calibration,Printing,219.57,170,0.000,120.07,120,200.89,0,27.09
7.3,calibration,Printing,219.21,170,0.000,120.67,120,200.89,0,27.10
8.6,calibration,Printing,218.76,170,0.000,120.20,120,200.88,0,27.11
10.1,calibration,Printing,218.09,170,0.000,120.29,120,200.89,0,27.11
11.3,calibration,Printing,217.00,170,0.000,120.00,120,200.89,0,27.10
12.8,calibration,Printing,215.62,170,0.000,120.20,120,200.88,0,27.09
14.1,calibration,Printing,214.38,170,0.000,120.24,120,200.89,0,27.12
15.3,calibration,Printing,212.92,170,0.000,119.87,120,200.89,0,27.12
16.9,calibration,Printing,211.05,170,0.000,120.41,120,200.90,0,27.10
18.4,calibration,Printing,209.00,170,0.000,119.86,120,200.89,0,27.11
19.6,calibration,Printing,207.27,170,0.000,120.59,120,200.89,0,27.11
21.1,calibration,Printing,205.09,170,0.000,120.08,120,200.89,0,27.10
22.4,calibration,Printing,203.29,170,0.000,120.51,120,200.89,0,27.10
23.6,calibration,Printing,200.96,170,0.000,120.80,120,200.88,0,27.10
25.1,calibration,Printing,198.75,170,0.000,120.34,120,200.89,0,27.12
26.5,calibration,Printing,196.91,170,0.000,119.98,120,200.89,0,27.10
27.9,calibration,Printing,194.56,170,0.000,120.20,120,200.89,0,27.10
29.2,calibration,Printing,192.69,170,0.000,120.05,120,200.89,0,27.11
30.5,calibration,Printing,190.80,170,0.000,120.00,120,200.89,0,27.12
31.9,calibration,Printing,188.50,170,0.000,120.26,120,200.89,0,27.12
33.4,calibration,Printing,186.27,170,0.000,120.26,120,200.89,0,27.11
34.8,calibration,Printing,184.54,170,0.000,120.98,120,200.89,0,27.12
36.2,calibration,Printing,182.19,170,0.000,120.21,120,200.89,0,27.13
37.4,calibration,Printing,179.91,170,0.002,120.96,120,200.89,0,27.12
38.9,calibration,Printing,177.72,170,0.126,120.47,120,200.89,0,27.13
40.2,calibration,Printing,176.03,170,0.201,120.24,120,200.89,0,27.12
41.6,calibration,Printing,174.36,170,0.441,120.29,120,200.89,0,27.14
43.0,calibration,Printing,172.42,170,0.497,119.69,120,200.88,0,27.14
44.2,calibration,Printing,170.99,170,0.603,120.53,120,200.89,0,27.14
45.7,calibration,Printing,169.61,170,0.636,120.02,120,200.89,0,27.11
47.0,calibration,Printing,168.76,170,0.636,120.41,120,200.89,0,27.13
48.5,calibration,Printing,168.12,170,0.665,120.82,120,200.89,0,27.14
49.7,calibration,Printing,167.93,170,0.455,120.49,120,200.88,0,27.13
51.2,calibration,Printing,168.20,170,0.350,119.90,120,200.89,0,27.13
52.7,calibration,Printing,168.69,170,0.297,120.87,120,200.89,0,27.14
54.0,calibration,Printing,169.26,170,0.207,120.72,120,200.89,0,27.18
55.3,calibration,Printing,169.69,170,0.192,120.27,120,200.88,0,27.16
56.7,calibration,Printing,170.38,170,0.105,120.23,120,200.89,0,27.15
58.0,calibration,Printing,170.69,170,0.092,120.17,120,200.89,0,27.17
59.3,calibration,Printing,170.98,170,0.097,119.99,120,200.89,0,27.19
60.8,calibration,Printing,171.17,170,0.097,120.48,120,200.89,0,27.18
62.0,calibration,Printing,171.16,170,0.179,119.99,120,200.88,0,27.18
63.5,calibration,Printing,170.91,170,0.247,120.93,120,200.89,0,27.19
64.9,calibration,Printing,170.69,170,0.247,120.75,120,200.89,0,27.19
66.3,calibration,Printing,170.40,170,0.366,119.99,120,200.88,0,27.21
67.6,calibration,Printing,170.05,170,0.344,120.45,120,200.88,0,27.19
69.1,calibration,Printing,169.65,170,0.355,120.90,120,200.88,0,27.21
70.3,calibration,Printing,169.48,170,0.359,120.63,120,200.88,0,27.22
71.8,calibration,Printing,169.21,170,0.505,119.85,120,200.88,0,27.23
73.1,calibration,Printing,169.12,170,0.334,120.63,120,200.88,0,27.23
74.3,calibration,Printing,169.17,170,0.284,120.81,120,200.88,0,27.25
75.8,calibration,Printing,169.37,170,0.284,120.26,120,200.88,0,27.27
76.9,calibration,Printing,169.61,170,0.170,119.83,120,200.88,0,27.27
78.2,calibration,Printing,169.74,170,0.310,120.60,120,200.89,0,27.28
79.4,calibration,Printing,169.94,170,0.230,120.50,120,200.88,0,27.28
80.7,calibration,Printing,170.09,170,0.202,120.10,120,200.89,0,27.28
82.0,calibration,Printing,170.30,170,0.206,120.19,120,200.89,0,27.28
83.5,calibration,Printing,170.49,170,0.206,119.77,120,200.88,0,27.27
84.7,calibration,Printing,170.56,170,0.212,120.31,120,200.88,0,27.28
86.3,calibration,Printing,170.57,170,0.212,120.54,120,200.90,0,27.28
87.5,calibration,Printing,170.55,170,0.203,120.10,120,200.89,0,27.28
88.8,calibration,Printing,170.38,170,0.369,120.28,120,200.89,0,27.29
90.3,calibration,Printing,170.07,170,0.374,119.71,120,200.88,0,27.30
91.5,calibration,Printing,169.99,170,0.254,120.46,120,200.88,0,27.29
93.0,calibration,Printing,169.81,170,0.324,119.86,120,200.88,0,27.33
94.5,calibration,Printing,169.67,170,0.313,120.85,120,200.88,0,27.33
95.8,calibration,Printing,169.61,170,0.376,120.63,120,200.88,0,27.36
96.9,calibration,Printing,169.64,170,0.346,120.15,120,200.89,0,27.39
98.1,calibration,Printing,169.72,170,0.271,120.83,120,200.89,0,27.38
99.4,calibration,Printing,169.80,170,0.217,120.75,120,200.88,0,27.42
100.7,calibration,Printing,169.87,170,0.338,120.42,120,200.88,0,27.45
101.9,calibration,Printing,169.88,170,0.320,119.93,120,200.89,0,27.46
103.3,calibration,Printing,169.99,170,0.267,120.28,120,200.88,0,27.48
104.4,calibration,Printing,170.13,170,0.212,119.77,120,200.88,0,27.48
105.9,calibration,Printing,170.22,170,0.207,120.72,120,200.89,0,27.49
107.5,calibration,Printing,170.25,170,0.277,120.85,120,200.88,0,27.51
108.7,calibration,Printing,170.22,170,0.294,120.46,120,200.88,0,27.52
110.2,calibration,Printing,170.17,170,0.284,119.95,120,200.88,0,27.51
111.5,calibration,Printing,170.10,170,0.262,120.36,120,200.88,0,27.51
112.9,calibration,Printing,170.00,170,0.265,120.09,120,200.88,0,27.48
114.3,calibration,Printing,169.89,170,0.298,120.07,120,200.89,0,27.48
115.9,calibration,Printing,169.74,170,0.309,120.06,120,200.90,0,27.49
117.3,calibration,Printing,169.69,170,0.374,119.96,120,200.89,0,27.50
118.5,calibration,Printing,169.77,170,0.289,120.19,120,200.89,0,27.51
120.1,calibration,Printing,169.82,170,0.301,119.78,120,200.89,0,27.50
121.3,calibration,Printing,169.93,170,0.327,120.91,120,200.89,0,27.48
122.8,calibration,Printing,169.91,170,0.301,120.79,120,200.89,0,27.49
124.2,calibration,Printing,169.88,170,0.436,120.32,120,200.88,0,27.50
125.3,calibration,Printing,170.02,170,0.240,120.07,120,200.88,0,27.48
126.8,calibration,Printing,170.15,170,0.178,120.34,120,200.88,0,27.47
128.3,calibration,Printing,170.19,170,0.199,120.05,120,200.89,0,27.48
129.6,calibration,Printing,170.15,170,0.311,120.02,120,200.88,0,27.46
130.8,calibration,Printing,170.22,170,0.298,120.11,120,200.88,0,27.47
132.3,calibration,Printing,170.23,170,0.257,119.78,120,200.88,0,27.47
133.6,calibration,Printing,170.08,170,0.348,120.15,120,200.89,0,27.47
135.1,calibration,Printing,170.01,170,0.295,119.96,120,200.88,0,27.47
136.5,calibration,Printing,169.97,170,0.295,120.21,120,200.88,0,27.46
137.9,calibration,Printing,169.91,170,0.274,120.77,120,200.88,0,27.46
139.1,calibration,Printing,169.95,170,0.274,120.37,120,200.89,0,27.46
140.6,calibration,Printing,169.95,170,0.288,120.90,120,200.89,0,27.45
141.9,calibration,Printing,169.96,170,0.288,120.50,120,200.90,0,27.47
143.3,calibration,Printing,170.00,170,0.225,120.20,120,200.89,0,27.46
144.6,calibration,Printing,170.01,170,0.322,120.05,120,200.88,0,27.45
146.0,calibration,Printing,169.95,170,0.331,120.00,120,200.88,0,27.44
147.4,calibration,Printing,169.99,170,0.309,119.99,120,200.88,0,27.42
148.6,calibration,Printing,169.99,170,0.314,119.94,120,200.88,0,27.44
150.0,calibration,Printing,170.08,170,0.137,119.88,120,200.88,0,27.43
151.4,calibration,Printing,170.08,170,0.307,120.05,120,200.88,0,27.44
152.7,calibration,Printing,170.08,170,0.306,120.00,120,200.87,0,27.44
154.2,calibration,Printing,170.10,170,0.190,120.06,120,200.88,0,27.44
155.4,calibration,Printing,170.18,170,0.317,120.19,120,200.88,0,27.43
156.9,calibration,Printing,170.06,170,0.317,119.94,120,200.88,0,27.43
158.4,calibration,Printing,170.09,170,0.259,120.27,120,200.88,0,27.44
159.7,calibration,Printing,170.08,170,0.283,119.84,120,200.88,0,27.44
161.1,calibration,Printing,170.13,170,0.233,120.56,120,200.88,0,27.45
162.7,calibration,Printing,170.13,170,0.287,119.98,120,200.88,0,27.44
163.9,calibration,Printing,170.11,170,0.319,121.05,120,200.88,0,27.46
165.2,calibration,Printing,170.02,170,0.319,120.39,120,200.88,0,27.45
166.5,calibration,Printing,169.94,170,0.319,120.71,120,200.88,0,27.45
167.7,calibration,Printing,169.92,170,0.258,120.85,120,200.87,0,27.45
169.2,calibration,Printing,169.87,170,0.243,120.59,120,200.88,0,27.44
170.6,calibration,Printing,169.85,170,0.231,120.04,120,200.89,0,27.45
172.0,calibration,Printing,169.85,170,0.320,120.47,120,200.88,0,27.42
173.5,calibration,Printing,169.91,170,0.237,119.95,120,200.87,0,27.44
175.0,calibration,Printing,169.93,170,0.279,120.71,120,200.88,0,27.43
176.3,calibration,Printing,169.88,170,0.338,120.57,120,200.88,0,27.45
177.5,calibration,Printing,169.94,170,0.262,120.20,120,200.88,0,27.45
178.9,calibration,Printing,169.93,170,0.332,120.04,120,200.87,0,27.43
180.0,calibration,Printing,170.03,170,0.248,120.72,120,200.88,0,27.43
181.5,calibration,Printing,169.98,170,0.316,120.45,120,200.88,0,27.43
183.0,calibration,Printing,170.03,170,0.241,119.90,120,200.87,0,27.43
184.3,calibration,Printing,170.01,170,0.361,120.13,120,200.87,0,27.42
185.8,calibration,Printing,169.97,170,0.255,119.87,120,200.89,0,27.43
187.0,calibration,Printing,169.97,170,0.385,120.19,120,200.88,0,27.43
188.3,calibration,Printing,170.02,170,0.238,120.31,120,200.89,0,27.41
189.8,calibration,Printing,170.02,170,0.297,120.24,120,200.88,0,27.43
191.3,calibration,Printing,169.98,170,0.345,120.82,120,200.88,0,27.44
192.6,calibration,Printing,170.03,170,0.229,120.16,120,200.89,0,27.42
193.8,calibration,Printing,170.02,170,0.324,120.94,120,200.88,0,27.42
195.2,calibration,Printing,170.02,170,0.267,120.68,120,200.87,0,27.43
196.7,calibration,Printing,170.02,170,0.262,120.20,120,200.88,0,27.43
198.1,calibration,Printing,170.04,170,0.290,120.25,120,200.88,0,27.43
199.5,calibration,Printing,170.05,170,0.336,119.75,120,200.88,0,27.41
200.8,calibration,Printing,170.06,170,0.301,120.63,120,200.88,0,27.42
202.1,calibration,Printing,170.07,170,0.249,120.26,120,200.88,0,27.41
203.6,calibration,Printing,170.13,170,0.240,120.14,120,200.88,0,27.42
205.1,calibration,Printing,170.18,170,0.182,120.12,120,200.88,0,27.41
206.4,calibration,Printing,170.11,170,0.282,119.93,120,200.87,0,27.42
207.8,calibration,Printing,170.15,170,0.165,120.29,120,200.88,0,27.44
209.1,calibration,Printing,170.04,170,0.329,119.99,120,200.87,0,27.42
210.6,calibration,Printing,169.99,170,0.319,119.96,120,200.88,0,27.41
211.9,calibration,Printing,169.96,170,0.199,120.24,120,200.88,0,27.41
213.2,calibration,Printing,169.88,170,0.290,119.86,120,200.88,0,27.41
214.7,calibration,Printing,169.93,170,0.290,120.67,120,200.88,0,27.42
215.9,calibration,Printing,169.95,170,0.242,120.02,120,200.88,0,27.41
217.3,calibration,Printing,169.97,170,0.294,120.87,120,200.89,0,27.41
218.7,calibration,Printing,169.93,170,0.294,120.66,120,200.89,0,27.42
219.9,calibration,Printing,170.03,170,0.239,120.26,120,200.88,0,27.43
221.4,calibration,Printing,170.02,170,0.239,120.07,120,200.88,0,27.41
222.7,calibration,Printing,170.02,170,0.236,120.17,120,200.88,0,27.43
224.2,calibration,Printing,169.99,170,0.219,119.95,120,200.88,0,27.43
225.4,calibration,Printing,170.05,170,0.207,120.42,120,200.88,0,27.41
227.0,calibration,Printing,169.99,170,0.254,119.92,120,200.88,0,27.42
228.2,calibration,Printing,169.97,170,0.336,120.97,120,200.88,0,27.40
229.6,calibration,Printing,170.01,170,0.248,120.26,120,200.88,0,27.42
231.1,calibration,Printing,170.00,170,0.222,120.74,120,200.88,0,27.42
232.5,calibration,Printing,169.91,170,0.264,120.76,120,200.89,0,27.41
233.7,calibration,Printing,169.92,170,0.315,120.43,120,200.88,0,27.43
235.0,calibration,Printing,169.95,170,0.331,119.94,120,200.88,0,27.43
236.5,calibration,Printing,170.05,170,0.248,120.30,120,200.88,0,27.43
237.9,calibration,Printing,170.09,170,0.248,119.80,120,200.88,0,27.45
239.2,calibration,Printing,170.15,170,0.256,120.49,120,200.89,0,27.44
240.5,calibration,Printing,170.14,170,0.294,119.91,120,200.88,0,27.44
242.0,calibration,Printing,170.22,170,0.155,120.84,120,200.88,0,27.44
243.3,calibration,Printing,170.22,170,0.286,120.35,120,200.88,0,27.44
244.8,calibration,Printing,170.12,170,0.286,120.63,120,200.88,0,27.44
246.0,calibration,Printing,170.12,170,0.192,120.34,120,200.88,0,27.44
247.5,calibration,Printing,170.10,170,0.228,120.46,120,200.88,0,27.42
248.8,calibration,Printing,170.09,170,0.305,120.72,120,200.88,0,27.43
250.2,calibration,Printing,170.04,170,0.245,120.41,120,200.88,0,27.45
251.3,calibration,Printing,170.01,170,0.303,120.13,120,200.88,0,27.43
252.8,calibration,Printing,169.97,170,0.234,119.89,120,200.88,0,27.44
254.3,calibration,Printing,169.94,170,0.269,120.18,120,200.88,0,27.45
255.8,calibration,Printing,169.82,170,0.299,119.89,120,200.88,0,27.42
257.1,calibration,Printing,169.83,170,0.216,120.45,120,200.88,0,27.43
258.5,calibration,Printing,169.77,170,0.273,120.10,120,200.88,0,27.42
259.8,calibration,Printing,169.87,170,0.273,120.62,120,200.88,0,27.44
261.1,calibration,Printing,169.88,170,0.332,120.79,120,200.88,0,27.42
262.3,calibration,Printing,169.91,170,0.262,120.11,120,200.88,0,27.43
263.6,calibration,Printing,170.02,170,0.258,120.86,120,200.89,0,27.44
265.1,calibration,Printing,170.08,170,0.258,120.62,120,200.89,0,27.44
266.4,calibration,Printing,170.12,170,0.280,120.15,120,200.88,0,27.43
267.8,calibration,Printing,170.15,170,0.204,120.29,120,200.88,0,27.44
269.4,calibration,Printing,170.13,170,0.286,119.87,120,200.88,0,27.44
270.8,calibration,Printing,170.14,170,0.286,120.31,120,200.89,0,27.45
272.1,calibration,Printing,170.08,170,0.321,119.95,120,200.89,0,27.46
273.4,calibration,Printing,170.02,170,0.313,120.09,120,200.88,0,27.44
274.9,calibration,Printing,170.19,170,0.153,119.99,120,200.89,0,27.43
276.3,calibration,Printing,170.08,170,0.254,120.05,120,200.89,0,27.44
277.6,calibration,Printing,170.01,170,0.303,120.72,120,200.88,0,27.43
278.9,calibration,Printing,170.05,170,0.284,120.58,120,200.88,0,27.44
280.4,calibration,Printing,170.10,170,0.262,119.89,120,200.88,0,27.47
281.6,calibration,Printing,170.00,170,0.253,120.66,120,200.87,0,27.45
283.1,calibration,Printing,170.03,170,0.211,120.80,120,200.88,0,27.46
284.4,calibration,Printing,170.02,170,0.307,120.36,120,200.89,0,27.45
285.9,calibration,Printing,169.95,170,0.272,119.91,120,200.88,0,27.45
287.2,calibration,Printing,169.97,170,0.272,120.34,120,200.89,0,27.45
288.4,calibration,Printing,169.94,170,0.210,119.77,120,200.88,0,27.43
289.7,calibration,Printing,169.92,170,0.304,120.53,120,200.88,0,27.44
291.4,calibration,Printing,169.90,170,0.205,120.44,120,200.88,0,27.43
292.7,calibration,Printing,169.83,170,0.328,120.47,120,200.87,0,27.44
293.9,calibration,Printing,169.86,170,0.229,120.73,120,200.88,0,27.45
295.3,calibration,Printing,169.91,170,0.296,120.51,120,200.88,0,27.45
296.4,calibration,Printing,169.99,170,0.341,119.95,120,200.87,0,27.47
298.0,calibration,Printing,170.05,170,0.286,120.56,120,200.88,0,27.46
299.2,calibration,Printing,170.02,170,0.228,120.69,120,200.88,0,27.45
300.9,calibration,Printing,170.00,170,0.217,120.31,120,200.88,0,27.46
302.2,calibration,Printing,170.02,170,0.229,119.90,120,200.88,0,27.46
303.6,calibration,Printing,170.01,170,0.311,120.27,120,200.88,0,27.46
305.0,calibration,Printing,170.04,170,0.243,119.96,120,200.88,0,27.46
306.2,calibration,Printing,169.94,170,0.358,120.11,120,200.88,0,27.47
308.0,calibration,Printing,169.89,170,0.333,120.04,120,200.89,0,27.47
309.3,calibration,Printing,169.91,170,0.256,120.45,120,200.88,0,27.44
310.7,calibration,Printing,169.95,170,0.256,120.69,120,200.89,0,27.45
312.0,calibration,Printing,169.89,170,0.310,120.10,120,200.89,0,27.46
313.3,calibration,Printing,169.90,170,0.259,120.39,120,200.88,0,27.46
314.7,calibration,Printing,169.92,170,0.259,120.14,120,200.88,0,27.44
316.0,calibration,Printing,169.93,170,0.363,120.10,120,200.88,0,27.45
317.3,calibration,Printing,169.96,170,0.334,120.30,120,200.88,0,27.47
318.5,calibration,Printing,169.90,170,0.264,119.87,120,200.88,0,27.47
319.8,calibration,Printing,169.91,170,0.264,120.34,120,200.88,0,27.46
321.4,calibration,Printing,169.99,170,0.228,119.99,120,200.87,0,27.46
322.8,calibration,Printing,169.99,170,0.301,120.23,120,200.88,0,27.45
324.1,calibration,Printing,170.02,170,0.320,119.98,120,200.88,0,27.47
325.6,calibration,Printing,170.06,170,0.256,120.35,120,200.88,0,27.44
326.8,calibration,Printing,170.14,170,0.208,120.81,120,200.88,0,27.45
328.3,calibration,Printing,170.16,170,0.320,120.59,120,200.89,0,27.46
329.6,calibration,Printing,170.27,170,0.210,119.99,120,200.88,0,27.46
331.1,calibration,Printing,170.16,170,0.278,120.64,120,200.88,0,27.47
332.4,calibration,Printing,170.16,170,0.253,120.75,120,200.88,0,27.46
333.8,calibration,Printing,170.11,170,0.268,120.28,120,200.88,0,27.47
335.1,calibration,Printing,170.06,170,0.268,119.91,120,200.88,0,27.47
336.6,calibration,Printing,170.08,170,0.293,120.32,120,200.88,0,27.47
338.1,calibration,Printing,169.97,170,0.371,119.87,120,200.88,0,27.45
339.4,calibration,Printing,170.01,170,0.303,120.82,120,200.88,0,27.47
340.6,calibration,Printing,169.93,170,0.303,120.35,120,200.89,0,27.48
342.2,calibration,Printing,169.94,170,0.316,120.30,120,200.88,0,27.47
343.6,calibration,Printing,169.94,170,0.315,120.07,120,200.88,0,27.47
344.7,calibration,Printing,169.99,170,0.234,120.24,120,200.88,0,27.47
345.9,calibration,Printing,170.01,170,0.217,120.84,120,200.88,0,27.47
347.2,calibration,Printing,169.99,170,0.297,120.15,120,200.88,0,27.48
348.7,calibration,Printing,170.05,170,0.156,120.77,120,200.88,0,27.47
350.2,calibration,Printing,170.05,170,0.283,120.10,120,200.88,0,27.47
351.7,calibration,Printing,170.12,170,0.268,120.76,120,200.89,0,27.47
353.1,calibration,Printing,170.12,170,0.268,120.80,120,200.89,0,27.49
354.5,calibration,Printing,170.18,170,0.205,120.41,120,200.88,0,27.47
355.9,calibration,Printing,170.13,170,0.321,120.33,120,200.88,0,27.47
357.0,calibration,Printing,170.04,170,0.314,120.67,120,200.88,0,27.47
358.5,calibration,Printing,169.99,170,0.301,120.03,120,200.88,0,27.47
360.0,calibration,Printing,169.97,170,0.250,120.94,120,200.87,0,27.48
361.3,calibration,Printing,169.98,170,0.250,120.86,120,200.88,0,27.48
362.7,calibration,Printing,169.94,170,0.311,120.28,120,200.88,0,27.47
364.0,calibration,Printing,169.92,170,0.344,120.19,120,200.88,0,27.48
365.5,calibration,Printing,169.84,170,0.390,120.89,120,200.88,0,27.47
366.7,calibration,Printing,169.83,170,0.212,120.68,120,200.87,0,27.46
368.1,calibration,Printing,169.87,170,0.192,120.01,120,200.88,0,27.47
369.5,calibration,Printing,169.95,170,0.274,120.65,120,200.88,0,27.49
371.0,calibration,Printing,169.94,170,0.274,120.00,120,200.88,0,27.48
372.3,calibration,Printing,169.98,170,0.293,120.43,120,200.88,0,27.47
373.6,calibration,Printing,169.95,170,0.293,121.02,120,200.88,0,27.46
374.8,standby,Ready,170.01,0,0.000,120.91,0,200.88,0,27.49
